,Title,Price
0,"Samsung Galaxy Book4 Metal Intel Core i3 13th Gen 1315U - (8 GB/512 GB SSD/Windows
                    11 Home) NP750XGJ-L...","34,990"
1,ASUS Vivobook 15 Intel Core i3 13th Gen 1315U - (16 GB/512 GB SSD/Windows 11 Home) X1504VA-NJ2325WS Th...,"35,990"
2,Lenovo IdeaPad Slim 3 Next Gen AI PC WUXGA IPS Copilot + PC Qualcomm Snapdragon X - (16 GB/512 GB SSD/...,"57,990"
3,Acer Aspire 15 AMD Ryzen 5 Hexa Core 7430U - (16 GB/512 GB SSD/Windows 11 Home) Aspire AS15-42 Thin an...,"34,990"
4,Samsung Galaxy Book4 Metal Intel Core i3 13th Gen 1315U - (8 GB/512 GB SSD/Windows 11 Home) NP750XGJ-L...,"34,990"
5,Acer Aspire Intel Core i5 12th Gen 12450H - (16 GB/512 GB SSD/Windows 11 Home) AL15-52H Thin and Light...,"42,990"
6,Acer Aspire 3 Intel Core i3 13th Gen - (8 GB/256 GB SSD/Windows 11 Home) A324-53 Thin and Light Laptop,"27,990"
7,MOTOROLA Motobook 60 Full Metal OLED (i5 14th Gen) Intel Core 5 (Series 2) 210H - (16 GB/512 GB SSD/Wi...,"54,990"
8,Lenovo IdeaPad Slim 5 Ultra 5 125H WUXGA IPS Intel Core Ultra 5 125H - (16 GB/1 TB SSD/Windows 11 Home...,"71,990"
9,Lenovo IdeaPad Slim 3 Next Gen AI PC WUXGA IPS Copilot + PC Qualcomm Snapdragon X - (16 GB/512 GB SSD/...,"57,990"
10,HP Intel Core i5 13th Gen 1334U - (16 GB/1 TB SSD/Windows 11 Home) 15-fd0552TU Thin and Light Laptop,"57,990"
11,Lenovo IdeaPad 3 Intel Core i3 12th Gen 1215U - (8 GB/512 GB SSD/Windows 11 Home) 14IAU7 Thin and Ligh...,"32,490"
12,DELL 15 Intel Core i5 13th Gen 1334U - (8 GB/512 GB SSD/Windows 11 Home) 3530 Thin and Light Laptop,"46,990"
13,HP Intel Core i5 13th Gen 1334U - (16 GB/1 TB SSD/Windows 11 Home) 15-fd0552TU Thin and Light Laptop,"57,990"
14,DELL 15 Intel Core i3 13th Gen 1305U - (16 GB/512 GB SSD/Windows 11 Home) OVN353025001RING1O Thin and ...,"36,990"
15,MOTOROLA Motobook 60 Full Metal OLED (i5 14th Gen) Intel Core 5 (Series 2) 210H - (16 GB/512 GB SSD/Wi...,"54,990"
16,ASUS Vivobook Go 14 (2025) with Office 2024 + M365 Basic* AMD Ryzen 3 Quad Core 7320U - (8 GB/512 GB S...,"30,990"
17,Infinix ZEROBOOK 13 Intel Intel Core i9 13th Gen 13900H - (32 GB/1 TB SSD/Windows 11 Home) ZL513 Thin ...,"1,49,900"
18,Lenovo LOQ Essential Intel Core i5 12th Gen 12450HX - (12 GB/512 GB SSD/Windows 11 Home/4 GB Graphics/...,"52,990"
19,MSI Modern 14 AMD Ryzen 5 Hexa Core 7530U - (8 GB/512 GB SSD/Windows 11 Home) Modern 14 C7M-063IN Thin...,"35,990"
20,DELL 15 Intel Core i5 12th Gen 1235U - (16 GB/512 GB SSD/Windows 11 Home) 3520 Thin and Light Laptop,"45,990"
21,ASUS Vivobook 15 Intel Core i5 13th Gen 1334U - (16 GB/512 GB SSD/Windows 11 Home) X1504VA-NJ2217WS Th...,"47,990"
22,Acer Aspire Intel Core i5 12th Gen 12450H - (12 GB/512 GB SSD/Windows 11 Home) AL15-52H Thin and Light...,"47,990"
23,"ASUS Vivobook 14 (2025) with Office 2024 + M365 Basic*, AI PC Intel Core Ultra 5 225H - (16 GB/512 GB ...","65,990"
24,ASUS Expertbook P1 Intel Core i3 13th Gen 1315U - (16 GB/512 GB SSD/Windows 11 Home) P1503CVA-S71074WS...,"36,490"
25,Samsung Galaxy Book4 Metal Intel Core i5 13th Gen 1335U - (16 GB/512 GB SSD/Windows 11 Home) NP750XGJ-...,"50,990"
26,ASUS Vivobook 15 Intel Core i3 13th Gen 1315U - (16 GB/512 GB SSD/Windows 11 Home) X1504VA-NJ2325WS Th...,"35,990"
27,HP MS Office 2024 Intel Core i3 13th Gen 1315U - (8 GB/512 GB SSD/Windows 11 Home) fd0465TU Thin and L...,"34,200"
28,Acer Aspire 3 Spin 14 Intel Core i3 13th Gen N305 - (8 GB/512 GB SSD/Windows 11 Home) A3SP14-31PT-3554...,"44,990"
29,Acer Aspire Lite Intel Core i3 13th Gen 1305U - (16 GB/512 GB SSD/Windows 11 Home) AL15-53 Notebook,"32,990"
30,Acer Professional AMD Ryzen 3 Quad Core 7th Gen 7330U With Turbo Boost - (16 GB/512 GB SSD/Windows 11 ...,"31,990"
31,Acer Aspire 15 AMD Ryzen 5 Hexa Core 7430U - (16 GB/512 GB SSD/Windows 11 Home) Aspire AS15-42 Thin an...,"34,990"
32,Samsung Galaxy Book4 Metal Intel Core i3 13th Gen 1315U - (8 GB/512 GB SSD/Windows 11 Home) NP750XGJ-L...,"34,990"
33,HP Professional Intel Core i5 13th Gen 1334U Turbo Boost - (16 GB/512 GB SSD/Windows 11 Pro) 250 G10 T...,"51,999"
34,HP 255 G10 (2024) AMD Ryzen 3 Quad Core 7320U - (8 GB/512 GB SSD/Windows 11 Home) 250 G10 Thin and Lig...,"26,800"
35,Acer Aspire 3 Backlit AMD Ryzen 7 Octa Core 7730U - (16 GB/1 TB SSD/Windows 11 Home) A325-42 Thin and ...,"40,990"
36,Lenovo IdeaPad Slim 3 Next Gen AI PC WUXGA IPS Copilot + PC Qualcomm Snapdragon X - (16 GB/512 GB SSD/...,"57,990"
37,HP Intel Core i5 13th Gen 1334U - (16 GB/1 TB SSD/Windows 11 Home) 15-fd0552TU Thin and Light Laptop,"57,990"
38,HP 15 Intel Celeron Dual Core 12th Gen -N4500 - (8 GB/256 GB SSD/Windows 11 Pro) 250 G9 Laptop,"23,490"
39,ASUS Vivobook 15 Intel Core i3 12th Gen 1215U - (16 GB/512 GB SSD/Windows 11 Home) X1504ZA-NJ342WS Thi...,"38,700"
40,HP Victus Intel Core i5 14th Gen 14450HX - (16 GB/512 GB SSD/Windows 11 Home/6 GB Graphics/NVIDIA GeFo...,"72,990"
41,Lenovo IdeaPad Slim 3 15ABR8 AMD Ryzen 5 Hexa Core 5625U - (16 GB/512 GB SSD/Windows 11 Home) 82XM00QD...,"38,990"
42,Acer Aspire Intel Core i5 12th Gen 12450H - (16 GB/512 GB SSD/Windows 11 Home) AL15-52H Thin and Light...,"42,990"
43,DELL 15 Intel Core i3 13th Gen 1305U - (16 GB/512 GB SSD/Windows 11 Home) OVN353025001RING1O Thin and ...,"36,990"
44,ASUS X1504ZA Intel Core i3 12th Gen 12th Gen Intel Core i3-1215U - (8 GB/512 GB SSD/Windows 11 Home) X...,"35,990"
45,Lenovo Yoga Slim 6 WUXGA OLED Intel Core i5 13th Gen 13500H - (16 GB/512 GB SSD/Windows 11 Home) 14IRH...,"66,990"
46,Acer Aspire 3 Intel Celeron Dual Core - (8 GB/512 GB SSD/Windows 11 Home) A311-45 Thin and Light Lapto...,"17,990"
47,MOTOROLA Motobook 60 Full Metal OLED (i5 14th Gen) Intel Core 5 (Series 2) 210H - (16 GB/512 GB SSD/Wi...,"54,990"
48,DELL 15 Intel Core i5 12th Gen 1235U - (16 GB/512 GB SSD/Windows 11 Home) 3520 Thin and Light Laptop,"45,990"
49,Lenovo IdeaPad Slim 5 Co-Pilot Next Gen AI PC Full Metal Snapdragon X Plus - (16 GB/1 TB SSD/Windows 1...,"71,990"
50,Lenovo V 15 (2025) Intel Celeron Dual Core N4500 - (8 GB/256 GB SSD/Windows 11 Pro) V 15 Thin and Ligh...,"22,990"
51,"ASUS Vivobook S14 (2025) with Office 2024 + M365 Basic*, Metallic Design, Copilot+ PC Qualcomm Snapdra...","67,990"
52,ASUS Expertbook P3 Metal Intel Core i7 13th Gen 13620H - (32 GB/1 TB SSD/Windows 11 Home) P3405CVA-LY0...,"73,990"
53,Samsung Galaxy Book4 Metal Intel Core i5 13th Gen 1335U - (16 GB/512 GB SSD/Windows 11 Home) NP750XGJ-...,"50,990"
54,ASUS Vivobook 15 Intel Core i3 13th Gen 1315U - (16 GB/512 GB SSD/Windows 11 Home) X1504VA-NJ2325WS Th...,"35,990"
55,MOTOROLA Motobook 60 Full Metal OLED (i7 14th Gen) Intel Core 7 (Series 2) 240H - (16 GB/512 GB SSD/Wi...,"62,990"
56,Lenovo IdeaPad 1 AMD Ryzen 7 Octa Core 5700U - (16 GB/512 GB SSD/Windows 11 Home) 15ALC7 Thin and Ligh...,"42,900"
57,ASUS Expertbook P1 Intel Core i5 13th Gen 13420H - (16 GB/512 GB SSD/Windows 11 Home) P1503CVA-S70611W...,"50,990"
58,Acer Aspire 15 AMD Ryzen 5 Hexa Core 7430U - (16 GB/512 GB SSD/Windows 11 Home) Aspire AS15-42 Thin an...,"34,990"
59,Samsung Galaxy Book4 Metal Intel Core i3 13th Gen 1315U - (8 GB/512 GB SSD/Windows 11 Home) NP750XGJ-L...,"34,990"
60,ASUS Vivobook 15 Intel Core i5 13th Gen 1334U - (8 GB/512 GB SSD/Windows 11 Home) X1504VA-NJ1766WS Thi...,"43,990"
61,ASUS Vivobook Go 15 AMD Ryzen 5 Quad Core 7520U - (8 GB/512 GB SSD/Windows 11 Home) E1504FA-NJ133WS Th...,"35,990"
62,Lenovo V14 Intel Core i5 12th Gen 1235U - (16 GB/512 GB SSD/Windows 11 Home) V 14 Thin and Light Lapto...,"42,980"
63,Infinix ZEROBOOK 13 Intel Intel Core i7 13th Gen 13700H - (32 GB/1 TB SSD/Windows 11 Home) ZL513 Thin ...,"1,19,990"
64,Lenovo IdeaPad Slim 3 Next Gen AI PC WUXGA IPS Copilot + PC Qualcomm Snapdragon X - (16 GB/512 GB SSD/...,"57,990"
65,HP Intel Core i5 13th Gen 1334U - (16 GB/1 TB SSD/Windows 11 Home) 15-fd0552TU Thin and Light Laptop,"57,990"
66,Lenovo V15 AMD Ryzen 3 Quad Core 7th Gen 7320U - (8 GB/512 GB SSD/Windows 11 Home/1 GB Graphics) V15 G...,"29,979"
67,"ASUS Vivobook 15, with Backlit Keyboard, Intel Core i5 12th Gen 1235U - (16 GB/512 GB SSD/Windows 11 H...","44,990"
68,DELL 15 Intel Core i3 13th Gen 1305U - (16 GB/512 GB SSD/Windows 11 Home) OVN353025001RING1O Thin and ...,"36,990"
69,Acer Aspire Intel Core i5 12th Gen 12450H - (16 GB/512 GB SSD/Windows 11 Home) AL15-52H Thin and Light...,"42,990"
70,DELL 15 Intel Core i3 13th Gen 1305U - (16 GB/512 GB SSD/Windows 11 Home) OVN353025001RING1O Thin and ...,"36,990"
71,"ASUS Vivobook S15 OLED, A-Part Metal Body, Intel Core i9 13th Gen 13900H - (16 GB/512 GB SSD/Windows 1...","85,999"
72,"ASUS Vivobook S14 (2025) with Office 2024 + M365 Basic*, Metallic Design, H-Series Intel Core i7 13th ...","68,990"
73,Lenovo IdeaPad Slim 1 AMD Ryzen 5 Hexa Core 5500U - (16 GB/512 GB SSD/Windows 11 Home) 15ALC7 Thin and...,"37,490"
74,Apple MacBook Air Apple M4 - (16 GB/256 GB SSD/macOS Sequoia) MC7A4HN/A,"1,24,900"
75,MOTOROLA Motobook 60 Full Metal OLED (i5 14th Gen) Intel Core 5 (Series 2) 210H - (16 GB/512 GB SSD/Wi...,"54,990"
76,DELL 15 Intel Core i5 12th Gen 1235U - (16 GB/512 GB SSD/Windows 11 Home) 3520 Thin and Light Laptop,"45,990"
77,Acer Aspire 3 Intel Celeron Dual Core N4500 - (8 GB/512 GB SSD/Windows 11 Home) A325-45 Thin and Light...,"24,250"
78,Lenovo V 15 (2025) AMD Ryzen 5 Quad Core 7520U - (8 GB/512 GB SSD/Windows 11 Home) V 15 Thin and Light...,"33,990"
79,Acer Aspire Intel Core i5 12th Gen 12450H - (16 GB/512 GB SSD/Windows 11 Home) AL15-52H Thin and Light...,"42,990"
80,Samsung Galaxy Book4 Metal Intel Core i5 13th Gen 1335U - (16 GB/512 GB SSD/Windows 11 Home) NP750XGJ-...,"50,990"
81,ASUS Vivobook 15 Intel Core i3 13th Gen 1315U - (16 GB/512 GB SSD/Windows 11 Home) X1504VA-NJ2325WS Th...,"35,990"
82,ASUS Vivobook 15 Intel Core i5 12th Gen 1235U - (8 GB/512 GB SSD/Windows 11 Home) X1504ZA-NJ521WS|X150...,"40,990"
83,DELL G15 Intel Core i5 13th Gen 13450HX - (16 GB/512 GB SSD/Windows 11 Home/6 GB Graphics/NVIDIA GeFor...,"89,590"
84,Lenovo Lenovo V15 G3 IAP Intel Core i5 12th Gen 1235U - (16 GB/512 GB SSD/Windows 11 Home) 82TTA07RIH ...,"42,890"
85,Acer Aspire Lite AMD Ryzen 7 Octa Core 7730U - (16 GB/1 TB SSD/Windows 11 Home) AL15-41 Thin and Light...,"44,990"
86,Acer Aspire 15 AMD Ryzen 5 Hexa Core 7430U - (16 GB/512 GB SSD/Windows 11 Home) Aspire AS15-42 Thin an...,"34,990"
87,Samsung Galaxy Book4 Metal Intel Core i3 13th Gen 1315U - (8 GB/512 GB SSD/Windows 11 Home) NP750XGJ-L...,"34,990"
88,ASUS Chromebook Plus Intel Core i3 12th Gen 1215U - (8 GB/128 GB/Chrome OS) CX3402CBA-PQ0173 Chromeboo...,"55,990"
89,Lenovo IdeaPad Slim 3 Intel Core i3 12th Gen 1215U - (8 GB/512 GB SSD/Windows 11 Home) 15IAU7 Thin and...,"29,990"
90,ASUS Vivobook Go 14 (2025) with Office 2024 + M365 Basic* AMD Ryzen 5 Quad Core 7520U - (16 GB/512 GB ...,"39,990"
91,Lenovo IdeaPad Slim 3 Next Gen AI PC WUXGA IPS Copilot + PC Qualcomm Snapdragon X - (16 GB/512 GB SSD/...,"57,990"
92,HP Intel Core i5 13th Gen 1334U - (16 GB/1 TB SSD/Windows 11 Home) 15-fd0552TU Thin and Light Laptop,"57,990"
93,Lenovo IdeaPad Slim 5 WUXGA OLED AI PC Intel Core Ultra 5 125H - (16 GB/1 TB SSD/Windows 11 Home) 14IM...,"72,990"
94,ASUS ROG Strix G16 Intel Core i7 13th Gen 13650HX - (16 GB/1 TB SSD/Windows 11 Home/6 GB Graphics/NVID...,"1,13,990"
95,ASUS Chromebook Intel Celeron Dual Core N4500 - (8 GB/128 GB EMMC Storage/Chrome OS) CX1400FKA-EC0168 ...,"32,990"
96,Acer Aspire 3 Backlit Intel Core i5 12th Gen 1235U - (16 GB/512 GB SSD/Windows 11 Home) A324-51 Thin a...,"34,990"
97,Acer Aspire Intel Core i5 12th Gen 12450H - (16 GB/512 GB SSD/Windows 11 Home) AL15-52H Thin and Light...,"42,990"
98,DELL 15 Intel Core i3 13th Gen 1305U - (16 GB/512 GB SSD/Windows 11 Home) OVN353025001RING1O Thin and ...,"36,990"
99,Acer Aspire 3 Backlit Intel Core i5 12th Gen 1235U - (8 GB/512 GB SSD/Windows 11 Home) A324-51 Thin an...,"42,990"
100,ASUS Expertbook P1 Intel Core i3 13th Gen 1315U - (8 GB/512 GB SSD/Windows 11 Home) P1503CVA-S70501WS ...,"34,490"
101,ASUS Expertbook P1 Intel Core i7 13th Gen 13620H - (32 GB/512 GB SSD/Windows 11 Home) P1403CVA-S60940W...,"66,990"
102,MOTOROLA Motobook 60 Full Metal OLED (i5 14th Gen) Intel Core 5 (Series 2) 210H - (16 GB/512 GB SSD/Wi...,"54,990"
103,DELL 15 Intel Core i5 12th Gen 1235U - (16 GB/512 GB SSD/Windows 11 Home) 3520 Thin and Light Laptop,"45,990"
104,HP Victus 15 Intel Core i5 13th Gen 13420H - (16 GB/512 GB SSD/Windows 11 Home/6 GB Graphics/NVIDIA Ge...,"69,990"
105,Lenovo Ideapad Intel Core i5 12th Gen 12450H - (16 GB/512 GB SSD/Windows 11 Home/4 GB Graphics) 15IAH8...,"50,980"
106,Acer Aspire 3 Intel Celeron Dual Core N4500 - (8 GB/512 GB SSD/Windows 11 Home) A324-45 Thin and Light...,"21,990"
107,Colorful Evol P-15 Intel Core i5 12th Gen 12450H - (16 GB/512 GB SSD/Windows 11 Home/4 GB Graphics/NVI...,"63,990"
108,Samsung Galaxy Book4 Metal Intel Core i5 13th Gen 1335U - (16 GB/512 GB SSD/Windows 11 Home) NP750XGJ-...,"50,990"
109,ASUS Vivobook 15 Intel Core i3 13th Gen 1315U - (16 GB/512 GB SSD/Windows 11 Home) X1504VA-NJ2325WS Th...,"35,990"
110,MSI Modern 14 H Intel Core i5 13th Gen 13420H - (16 GB/512 GB SSD/Windows 11 Home) Modern 14 H D13MG-0...,"52,990"
111,Lenovo LOQ Intel Core i5 12th Gen 12450HX - (16 GB/512 GB SSD/Windows 11 Home/6 GB Graphics/NVIDIA GeF...,"72,990"
112,ASUS Expertbook P1 Intel Core i7 13th Gen 13620H - (16 GB/512 GB SSD/Windows 11 Home) P1503CVA-S71042W...,"58,990"
113,MOTOROLA Motobook 60 Full Metal OLED (i5 14th Gen) Intel Core 5 (Series 2) 210H - (16 GB/512 GB SSD/Wi...,"54,990"
114,Acer Aspire 15 AMD Ryzen 5 Hexa Core 7430U - (16 GB/512 GB SSD/Windows 11 Home) Aspire AS15-42 Thin an...,"34,990"
115,Samsung Galaxy Book4 Metal Intel Core i3 13th Gen 1315U - (8 GB/512 GB SSD/Windows 11 Home) NP750XGJ-L...,"34,990"
116,"ASUS Vivobook S15, A-Part Metal Body, Intel Core i9 13th Gen 13900H - (16 GB/512 GB SSD/Windows 11 Hom...","75,990"
117,HP 14R (2025) Intel Core i3 13th Gen 1315U - (16 GB/512 GB SSD/Windows 11 Home) 14R G9 Thin and Light ...,"35,990"
118,"ASUS Vivobook 16 (2025), Copilot + PC with Office 2024 + M365 Basic*, AI PC Qualcomm Snapdragon X - (1...","57,299"
119,Lenovo IdeaPad Slim 3 Intel Core i5 12th Gen 12450H - (8 GB/512 GB SSD/Windows 11 Home) 14IAH8 Thin an...,"44,490"
120,Lenovo IdeaPad Slim 3 Next Gen AI PC WUXGA IPS Copilot + PC Qualcomm Snapdragon X - (16 GB/512 GB SSD/...,"57,990"
121,HP Intel Core i5 13th Gen 1334U - (16 GB/1 TB SSD/Windows 11 Home) 15-fd0552TU Thin and Light Laptop,"57,990"
122,ASUS TUF Gaming F17 - AI Powered Gaming Intel Core i5 11th Gen 11400H - (16 GB/512 GB SSD/Windows 11 H...,"50,990"
123,Lenovo LOQ Intel Core i5 12th Gen 12450HX - (12 GB/512 GB SSD/Windows 11 Home/4 GB Graphics/NVIDIA GeF...,"57,900"
124,DELL 15 Intel Core i5 12th Gen 1235U - (16 GB/512 GB SSD/Windows 11 Home) 3520 Thin and Light Laptop,"45,990"
125,ASUS Vivobook Go 15 AMD Ryzen 3 Quad Core 7320U - (8 GB/512 GB SSD/Windows 11 Home) E1504FA-NJ131WS Th...,"30,990"
126,DELL 15 Intel Core i3 13th Gen 1305U - (16 GB/512 GB SSD/Windows 11 Home) OVN353025001RING1O Thin and ...,"36,990"
127,Acer Aspire Intel Core i3 13th Gen 1305U - (8 GB/512 GB SSD/Windows 11 Home) AL15-53 Notebook,"30,490"
128,"Acer Aspire Lite with Backlit Keyboard, Intel Core i5 12th Gen 1235U - (16 GB/512 GB SSD/Windows 11 Ho...","42,990"
129,Acer Aspire Lite AMD Ryzen 3 Quad Core 7330U - (8 GB/512 GB SSD/Windows 11 Home) AL15-41 Thin and Ligh...,"27,990"
130,Acer Aspire 3 Intel Celeron Dual Core N4500 - (8 GB/256 GB SSD/Windows 11 Home) A324-45 Thin and Light...,"20,490"
131,Samsung Galaxy Book4 Metal Intel Core i5 13th Gen 1335U - (16 GB/512 GB SSD/Windows 11 Home) NP750XGJ-...,"50,990"
132,ASUS Vivobook 15 Intel Core i3 13th Gen 1315U - (16 GB/512 GB SSD/Windows 11 Home) X1504VA-NJ2325WS Th...,"35,990"
133,MOTOROLA Motobook 60 Full Metal OLED (i7 14th Gen) Intel Core 7 (Series 2) 240H - (16 GB/512 GB SSD/Wi...,"62,990"
134,HP 15s Intel Core i3 12th Gen 1215U - (8 GB/512 GB SSD/Windows 11 Home) 15s-fy5003TU Thin and Light La...,"35,149"
135,ASUS Expertbook P1 Intel Core i3 13th Gen 1315U - (8 GB/512 GB SSD/Windows 11 Home) P1403CVA-S60343WS ...,"34,490"
136,Acer Aspire 15 AMD Ryzen 5 Hexa Core 7430U - (16 GB/512 GB SSD/Windows 11 Home) Aspire AS15-42 Thin an...,"34,990"
137,Samsung Galaxy Book4 Metal Intel Core i3 13th Gen 1315U - (8 GB/512 GB SSD/Windows 11 Home) NP750XGJ-L...,"34,990"
138,Apple MacBook Air Apple M3 - (8 GB/256 GB SSD/macOS Sonoma) MRXT3HN/A,"1,14,900"
139,HP 15 G10 (2025) AMD Ryzen 3 Quad Core 7320U - (8 GB/512 GB SSD/Windows 11 Home) 15 G10 Thin and Light...,"30,990"
140,MSI Modern 14 AMD Ryzen 5 Hexa Core 7530U - (16 GB/512 GB SSD/Windows 11 Home) Modern 14 C7M-062IN Thi...,"39,990"
141,ASUS Vivobook 15 Intel Core i5 12th Gen 1235U - (16 GB/512 GB SSD/Windows 11 Home) X1502ZA-EJ545WS Thi...,"44,990"
142,Lenovo IdeaPad Slim 3 Next Gen AI PC WUXGA IPS Copilot + PC Qualcomm Snapdragon X - (16 GB/512 GB SSD/...,"57,990"
143,HP Intel Core i5 13th Gen 1334U - (16 GB/1 TB SSD/Windows 11 Home) 15-fd0552TU Thin and Light Laptop,"57,990"
144,Infinix Y4 Max Series Intel Core i3 13th Gen 1315U - (16 GB/512 GB SSD/Windows 11 Home) YL613 Thin and...,"34,990"
145,Lenovo LOQ Intel Core i5 12th Gen 12450HX - (16 GB/512 GB SSD/Windows 11 Home/6 GB Graphics/NVIDIA GeF...,"67,990"
146,Acer Aspire 3 Intel Celeron Dual Core N4500 - (8 GB/512 GB SSD/Windows 11 Home) A325-45 Thin and Light...,"22,990"
147,Acer Aspire Intel Core i5 12th Gen 12450H - (16 GB/512 GB SSD/Windows 11 Home) AL15-52H Thin and Light...,"42,990"
148,DELL 15 Intel Core i3 13th Gen 1305U - (16 GB/512 GB SSD/Windows 11 Home) OVN353025001RING1O Thin and ...,"36,990"
149,Lenovo LOQ Intel Core i5 12th Gen 12450HX - (12 GB/512 GB SSD/Windows 11 Home/4 GB Graphics/NVIDIA GeF...,"64,990"
150,Apple Apple M3 - (16 GB/256 GB SSD/macOS Sequoia) MC8J4HN/A,"1,14,900"
151,"ASUS Vivobook S14 (2025) with Office 2024 + M365 Basic*, Metallic Design, H-Series Intel Core i7 13th ...","68,990"
152,Acer Aspire 3 Intel Core i3 13th Gen - (8 GB/256 GB SSD/Windows 11 Home) A324-53 Thin and Light Laptop,"27,990"
153,MOTOROLA Motobook 60 Full Metal OLED (i5 14th Gen) Intel Core 5 (Series 2) 210H - (16 GB/512 GB SSD/Wi...,"54,990"
154,DELL 15 Intel Core i5 12th Gen 1235U - (16 GB/512 GB SSD/Windows 11 Home) 3520 Thin and Light Laptop,"45,990"
155,Lenovo IdeaPad 3 Intel Core i3 12th Gen 1215U - (16 GB/512 GB SSD/Windows 11 Home) 14IAU7 Thin and Lig...,"35,990"
156,Infinix ZERO BOOK Series Laptop Intel Intel Core i7 12th Gen 12700H - (16 GB/512 GB SSD/Windows 11 Hom...,"99,990"
157,Samsung Galaxy Book4 Metal Intel Core i7 13th Gen 1355U - (16 GB/512 GB SSD/Windows 11 Home) NP750XGJ-...,"61,490"
158,Samsung Galaxy Book4 Metal Intel Core i5 13th Gen 1335U - (16 GB/512 GB SSD/Windows 11 Home) NP750XGJ-...,"50,990"
159,ASUS Vivobook 15 Intel Core i3 13th Gen 1315U - (16 GB/512 GB SSD/Windows 11 Home) X1504VA-NJ2325WS Th...,"35,990"
160,"ASUS Vivobook S14 (2025) with Office 2024 + M365 Basic*, Metallic Design, Copilot+ PC Qualcomm Snapdra...","67,990"
161,Acer Aspire Lite Intel Core i3 13th Gen 1305U - (16 GB/512 GB SSD/Windows 11 Home) AL15-53 Notebook,"32,990"
162,Acer Aspire Lite AMD Ryzen 5 Hexa Core 5625U - (8 GB/512 GB SSD/Windows 11 Home) AL15-41 Thin and Ligh...,"36,990"
163,HP Pavilion AI PC Intel Core Ultra 5 125U - (16 GB/512 GB SSD/Windows 11 Home) 16-af0015TU Thin and Li...,"60,990"
164,Acer Aspire 15 AMD Ryzen 5 Hexa Core 7430U - (16 GB/512 GB SSD/Windows 11 Home) Aspire AS15-42 Thin an...,"34,990"
165,Samsung Galaxy Book4 Metal Intel Core i3 13th Gen 1315U - (8 GB/512 GB SSD/Windows 11 Home) NP750XGJ-L...,"34,990"
166,Apple MacBook Air Apple M3 - (8 GB/512 GB SSD/macOS Sonoma) MRXU3HN/A,"1,34,900"
167,Lenovo V 15 (2025) Intel Core i3 12th Gen 1215U - (16 GB/512 GB SSD/Windows 11 Pro) V 15 Thin and Ligh...,"34,990"
168,ASUS Vivobook 15 Intel Core i3 13th Gen 1315U - (16 GB/512 GB SSD/Windows 11 Home) X1504VA-NJ2325WS Th...,"35,990"
169,Lenovo IdeaPad Slim 3 Next Gen AI PC WUXGA IPS Copilot + PC Qualcomm Snapdragon X - (16 GB/512 GB SSD/...,"57,990"
170,HP Intel Core i5 13th Gen 1334U - (16 GB/1 TB SSD/Windows 11 Home) 15-fd0552TU Thin and Light Laptop,"57,990"
171,HP AMD Athlon Dual Core - (8 GB/256 GB SSD/Windows 11 Home) 255 Laptop,"24,749"
172,ASUS Vivobook Go 14 (2025) with Office 2024 + M365 Basic* AMD Ryzen 5 Quad Core 7520U - (16 GB/512 GB ...,"39,990"
173,ASUS Vivobook 15 Intel Core i3 13th Gen 1315U - (8 GB/512 GB SSD/Windows 11 Home) X1504VA-NJ323WS Thin...,"33,990"
174,Apple MacBook Air Apple M3 - (8 GB/256 GB SSD/macOS Sonoma) MRYR3HN/A,"1,34,900"
175,Acer Aspire Intel Core i5 12th Gen 12450H - (16 GB/512 GB SSD/Windows 11 Home) AL15-52H Thin and Light...,"42,990"
176,DELL 15 Intel Core i3 13th Gen 1305U - (16 GB/512 GB SSD/Windows 11 Home) OVN353025001RING1O Thin and ...,"36,990"
177,"ASUS Vivobook 16 (2025), Copilot + PC with Office 2024 + M365 Basic*, AI PC Qualcomm Snapdragon X - (1...","56,826"
178,Lenovo V 15 (2025) AMD Ryzen 3 Quad Core 7320U - (8 GB/512 GB SSD/Windows 11 Pro) V 15 Thin and Light ...,"28,990"
179,Samsung Galaxy Book4 Metal Intel Core i5 13th Gen 1335U - (16 GB/512 GB SSD/Windows 11 Home) NP750XGJ-...,"50,990"
180,MOTOROLA Motobook 60 Full Metal OLED (i5 14th Gen) Intel Core 5 (Series 2) 210H - (16 GB/512 GB SSD/Wi...,"54,990"
181,DELL 15 Intel Core i5 12th Gen 1235U - (16 GB/512 GB SSD/Windows 11 Home) 3520 Thin and Light Laptop,"45,990"
182,MSI Modern 15 Intel Core i3 12th Gen 1215U - (16 GB/512 GB SSD/Windows 11 Home) Modern 15 B12MO-612IN ...,"35,990"
183,Lenovo LOQ Intel Core i7 13th Gen 13650HX - (16 GB/512 GB SSD/Windows 11 Home/6 GB Graphics/NVIDIA GeF...,"84,990"
184,DELL Intel Core i3 13th Gen 1305U - (8 GB/512 GB SSD/Windows 11 Home) Vostro 3530 Thin and Light Lapto...,"38,990"
185,Lenovo IdeaPad Slim 5 Ultra 5 125H WUXGA IPS Intel Core Ultra 5 125H - (16 GB/1 TB SSD/Windows 11 Home...,"71,990"
186,Samsung Galaxy Book4 Metal Intel Core i5 13th Gen 1335U - (16 GB/512 GB SSD/Windows 11 Home) NP750XGJ-...,"50,990"
187,ASUS Vivobook 15 Intel Core i3 13th Gen 1315U - (16 GB/512 GB SSD/Windows 11 Home) X1504VA-NJ2325WS Th...,"35,990"
188,ASUS Chromebook Intel Celeron Dual Core N4500 - (4 GB/64 GB EMMC Storage/Chrome OS) CX1400CKA-NK0453 C...,"32,990"
189,HP AMD Ryzen 5 Hexa Core 5500U - (8 GB/512 GB SSD/Windows 11 Home) 15s- eq2223AU Thin and Light Laptop,"38,500"
190,Acer Aspire 15 AMD Ryzen 5 Hexa Core 7430U - (16 GB/512 GB SSD/Windows 11 Home) Aspire AS15-42 Thin an...,"34,990"
191,Acer Aspire 15 AMD Ryzen 5 Hexa Core 7430U - (16 GB/512 GB SSD/Windows 11 Home) Aspire AS15-42 Thin an...,"34,990"
192,Samsung Galaxy Book4 Metal Intel Core i3 13th Gen 1315U - (8 GB/512 GB SSD/Windows 11 Home) NP750XGJ-L...,"34,990"
193,ASUS ROG Ally AMD Ryzen Z1 Octa Core Extreme - (16 GB/512 GB SSD/Windows 11 Home) RC71L-NH001W Handhel...,"39,990"
194,DELL Inspiron 15 With MSO'2024 & Backlit KB Intel Core i5 13th Gen 1334U - (16 GB/1 TB SSD/Windows 11 ...,"58,276"
195,Lenovo IdeaPad Slim 3 AMD Ryzen 5 Quad Core 7520U - (8 GB/512 GB SSD/Windows 11 Home) 14AMN8 Thin and ...,"36,490"
196,Lenovo IdeaPad Slim 3 WUXGA IPS Intel Core i5 13th Gen 13420H - (16 GB/512 GB SSD/Windows 11 Home) 83K...,"56,990"
197,Lenovo IdeaPad Slim 3 Next Gen AI PC WUXGA IPS Copilot + PC Qualcomm Snapdragon X - (16 GB/512 GB SSD/...,"57,990"
198,DELL 15 Intel Core i5 13th Gen - (16 GB/512 GB SSD/Windows 11 Home) 3530 Laptop,"50,990"
199,ASUS Vivobook 15 Intel Core i3 11th Gen 1115G4 - (8 GB/256 GB SSD/Windows 11 Home) X515EA-EJ312W Thin ...,"28,990"
200,HP 15s Backlit Keyboard AMD Ryzen 3 Quad Core 7320U - (8 GB/512 GB SSD/Windows 11 Home) 15-fc0026AU Th...,"33,990"
201,ASUS TUF Gaming A15 AMD Ryzen 7 Octa Core 7435HS - (16 GB/512 GB SSD/Windows 11 Home/4 GB Graphics/NVI...,"56,990"
202,HP Intel Core i5 13th Gen 1334U - (16 GB/1 TB SSD/Windows 11 Home) 15-fd0552TU Thin and Light Laptop,"57,990"
203,Acer Aspire Intel Core i5 12th Gen 12450H - (16 GB/512 GB SSD/Windows 11 Home) AL15-52H Thin and Light...,"42,990"
204,Lenovo IdeaPad Slim 1 AMD Ryzen 5 Quad Core 7520U - (8 GB/512 GB SSD/Windows 11 Home) 15AMN7 Thin and ...,"37,400"
205,MSI Modern 14 Intel Core i7 12th Gen 1255U - (16 GB/512 GB SSD/Windows 11 Home) Modern 14 C12MO Busine...,"45,990"
206,HP AMD Ryzen 5 Hexa Core 5500U - (16 GB/512 GB SSD/Windows 11 Home) 15s- eq2182AU Thin and Light Lapto...,"45,490"
207,Lenovo IdeaPad Slim 3 Intel Core i3 12th Gen 1215U - (8 GB/256 GB SSD/Windows 11 Home) 15IAU7 Thin and...,"34,700"
208,DELL 15 Intel Core i3 13th Gen 1305U - (16 GB/512 GB SSD/Windows 11 Home) OVN353025001RING1O Thin and ...,"36,990"
209,MOTOROLA Motobook 60 Full Metal OLED (i5 14th Gen) Intel Core 5 (Series 2) 210H - (16 GB/512 GB SSD/Wi...,"54,990"
210,ASUS Vivobook 15 Intel Core i3 12th Gen 1215U - (16 GB/512 GB SSD/Windows 11 Home) X1504ZA-NJ342WS Thi...,"38,700"
211,Lenovo IdeaPad Slim 3 Intel Core i7 12th Gen 1255U - (16 GB/512 GB SSD/Windows 11 Home) 15IAU7 Thin an...,"62,020"
212,Lenovo IdeaPad 1 MSO'2024 AMD Ryzen 5 Hexa Core 5625U AMD Ryzen 5 Hexa Core 5625U - (16 GB/512 GB SSD/...,"36,990"
213,Samsung Galaxy Book4 Metal Intel Core i5 13th Gen 1335U - (16 GB/512 GB SSD/Windows 11 Home) NP750XGJ-...,"50,990"
214,ASUS Vivobook 15 Intel Core i3 13th Gen 1315U - (16 GB/512 GB SSD/Windows 11 Home) X1504VA-NJ2325WS Th...,"35,990"
215,HP 15s Intel Core i7 13th Gen 1360P - (16 GB/512 GB SSD/Windows 11 Home) 15-fd0024TU Thin and Light La...,"73,990"
216,HP Pavilion Intel Core i5 12th Gen 1235U - (16 GB/512 GB SSD/Windows 11 Home) 14-dv2014TU Thin and Lig...,"63,990"
217,MSI Modern 14 Intel Core i5 12th Gen 1235U - (16 GB/512 GB SSD/Windows 11 Home) Modern 14 C12MO-1212IN...,"40,990"
218,Colorful P15 Intel Core i7 13th Gen 13620H - (16 GB/512 GB SSD/Windows 11 Home/8 GB Graphics/NVIDIA Ge...,"89,990"
219,Acer Aspire 15 AMD Ryzen 5 Hexa Core 7430U - (16 GB/512 GB SSD/Windows 11 Home) Aspire AS15-42 Thin an...,"34,990"
220,Samsung Galaxy Book4 Metal Intel Core i3 13th Gen 1315U - (8 GB/512 GB SSD/Windows 11 Home) NP750XGJ-L...,"34,990"
221,ASUS Vivobook 15 Intel Core i3 13th Gen 1315U - (8 GB/512 GB SSD/Windows 11 Home) X1504VA-NJ324WS Thin...,"35,938"
222,DELL Intel Core i3 13th Gen 1305U - (8 GB/512 GB SSD/Windows 11 Home) Inspiron 3530 Thin and Light Lap...,"36,598"
223,"Samsung Galaxy Book4 Metal Intel Core i5 13th Gen 1335U - (16 GB/512 GB SSD/Windows
                    11 Home) NP750XGJ-...","50,990"
224,ASUS Vivobook 15 Intel Core i5 13th Gen 1334U - (16 GB/512 GB SSD/Windows 11 Home) X1504VA-NJ2217WS Th...,"47,990"
225,Lenovo IdeaPad Slim 3 Next Gen AI PC WUXGA IPS Copilot + PC Qualcomm Snapdragon X - (16 GB/512 GB SSD/...,"57,990"
226,HP Intel Core i5 13th Gen 1334U - (16 GB/1 TB SSD/Windows 11 Home) 15-fd0552TU Thin and Light Laptop,"57,990"
227,ASUS Vivobook Go 15 AMD Ryzen 5 Quad Core 7520U - (8 GB/512 GB SSD/Windows 11 Home) E1504FA-NJ132WS | ...,"35,990"
228,Lenovo IdeaPad Slim 3 AMD Ryzen 5 Quad Core 7520U - (16 GB/512 GB SSD/Windows 11 Home) 15AMN8 Thin and...,"39,690"
229,Lenovo IdeaPad Flex 5 AMD Ryzen 7 Octa Core 5700U - (16 GB/512 GB SSD/Windows 11 Home) 14ALC7 2 in 1 L...,"59,990"
230,realme Book (Slim) Intel Core i3 11th Gen 1115G4 - (8 GB/256 GB SSD/Windows 10 Home) RMNB1001 Thin and...,"28,990"
231,Acer Aspire Intel Core i5 12th Gen 12450H - (16 GB/512 GB SSD/Windows 11 Home) AL15-52H Thin and Light...,"42,990"
232,DELL 15 Intel Core i3 13th Gen 1305U - (16 GB/512 GB SSD/Windows 11 Home) OVN353025001RING1O Thin and ...,"36,990"
233,Thomson NEO Core Series Intel Core i3 12th Gen 1215U - (8 GB/512 GB SSD/Windows 11 Home) IN-N15I Thin ...,"44,990"
234,Lenovo IdeaPad Slim 3 Intel Core 5 120U - (16 GB/512 GB SSD/Windows 11 Home) 15IRU9 Thin and Light Lap...,"50,190"
235,Samsung Galaxy Book4 Metal Intel Core i3 13th Gen 1315U - (8 GB/512 GB SSD/Windows 11 Home) NP750XGJ-L...,"34,990"
236,MOTOROLA Motobook 60 Full Metal OLED (i5 14th Gen) Intel Core 5 (Series 2) 210H - (16 GB/512 GB SSD/Wi...,"54,990"
237,DELL 15 Intel Core i5 12th Gen 1235U - (16 GB/512 GB SSD/Windows 11 Home) 3520 Thin and Light Laptop,"45,990"
238,HP Intel Core i5 13th Gen - (16 GB/512 GB SSD/Windows 11 Home/Intel Integrated intel hd) 14-ek1074TU 2...,"67,990"
239,MSI Modern 15 Intel Core i7 12th Gen 1255U - (16 GB/512 GB SSD/Windows 11 Home) Modern 15 B12MO-816IN ...,"51,990"
240,ASUS Chromebook CX14 Intel Celeron Dual Core N4500 - (4 GB/64 GB EMMC Storage/Chrome OS) CX1405CKA-NK0...,"32,990"
241,Lenovo IdeaPad Flex 5 Intel Core i7 13th Gen 1355U - (16 GB/512 GB SSD/Windows 11 Home) 14IRU8 2 in 1 ...,"74,990"
242,Samsung Galaxy Book4 Metal Intel Core i5 13th Gen 1335U - (16 GB/512 GB SSD/Windows 11 Home) NP750XGJ-...,"50,990"
243,ASUS Vivobook 15 Intel Core i3 13th Gen 1315U - (16 GB/512 GB SSD/Windows 11 Home) X1504VA-NJ2325WS Th...,"35,990"
244,Samsung Galaxy Book4 Intel Core 5 120U - (8 GB/512 GB SSD/Windows 11 Home) NP750XGK-KS1IN / NP750XGK-L...,"63,990"
245,Lenovo IdeaPad Slim 3 Intel Core i5 12th Gen 12450H - (16 GB/512 GB SSD/Windows 11 Home) 14IAH8 Thin a...,"49,749"
246,Acer Aspire 3 Intel Core i5 13th Gen 1334U - (16 GB/512 GB SSD/Windows 11 Home) A324-53 Thin and Light...,"40,990"
247,Acer Aspire 15 AMD Ryzen 5 Hexa Core 7430U - (16 GB/512 GB SSD/Windows 11 Home) Aspire AS15-42 Thin an...,"34,990"
248,Samsung Galaxy Book4 Metal Intel Core i3 13th Gen 1315U - (8 GB/512 GB SSD/Windows 11 Home) NP750XGJ-L...,"34,990"
249,Lenovo IdeaPad Pro 5 2.8K OLED AI PC Intel Core Ultra 9 185H - (32 GB/1 TB SSD/Windows 11 Home) 14IMH9...,"1,10,990"
250,DELL MSO'2021 Intel Core i3 12th Gen 1215U - (8 GB/512 GB SSD/Windows 11 Home) New Inspiron 15 Laptop ...,"35,790"
251,Lenovo IdeaPad 3 Intel Core i3 12th Gen 1215U - (8 GB/512 GB SSD/Windows 11 Home) 14IAU7 Thin and Ligh...,"32,490"
252,Lenovo IdeaPad 3 Intel Core i3 12th Gen 1215U - (8 GB/512 GB SSD/Windows 11 Home) 15IAU7 Thin and Ligh...,"35,990"
253,Lenovo IdeaPad Slim 3 Next Gen AI PC WUXGA IPS Copilot + PC Qualcomm Snapdragon X - (16 GB/512 GB SSD/...,"57,990"
254,HP Intel Core i5 13th Gen 1334U - (16 GB/1 TB SSD/Windows 11 Home) 15-fd0552TU Thin and Light Laptop,"57,990"
255,Lenovo IdeaPad Slim 5 WUXGA IPS AI PC Intel Core Ultra 5 125H - (16 GB/512 GB SSD/Windows 11 Home) 14I...,"88,999"
256,ASUS TUF Gaming F15 Intel Core i7 11th Gen 11800H - (16 GB/1 TB SSD/Windows 10 Home/4 GB Graphics/NVID...,"1,36,990"
257,ASUS Vivobook Go 15 OLED AMD Ryzen 3 Quad Core 7320U - (8 GB/512 GB SSD/Windows 11 Home) E1504FA-LK322...,"34,990"
258,DELL 15 Intel Core i3 13th Gen 1305U - (16 GB/512 GB SSD/Windows 11 Home) OVN353025001RING1O Thin and ...,"36,990"
259,MOTOROLA Motobook 60 Full Metal OLED (i5 14th Gen) Intel Core 5 (Series 2) 210H - (16 GB/512 GB SSD/Wi...,"54,990"
260,MSI Intel Core i5 12th Gen 1235U - (16 GB/512 GB SSD/Windows 11 Home) Modern 14 C12MO-1203IN Thin and ...,"40,990"
261,DELL Intel Core i3 12th Gen 1215U - (8 GB/512 GB SSD/Windows 11 Home) Inspiron 3520 Thin and Light Lap...,"36,990"
262,MSI Thin 15 Intel Core i5 12th Gen 12450H - (16 GB/512 GB SSD/Windows 11 Home/4 GB Graphics/NVIDIA GeF...,"64,990"
263,ASUS Vivobook Go 14 AMD Ryzen 3 Quad Core 7320U - (8 GB/512 GB SSD/Windows 11 Home) E1404FA-NK327WS Th...,"30,990"
264,Lenovo Legion 5 Intel Core i7 13th Gen 13650HX - (24 GB/512 GB SSD/Windows 11 Home/8 GB Graphics/NVIDI...,"1,22,990"
265,Lenovo 100e Chromebook Gen 4 MediaTek Kompanio 520 - (4 GB/32 GB EMMC Storage/Chrome OS) 82W00004HA Ch...,"9,499"
266,Lenovo IdeaPad Slim 3 Next Gen AI PC WUXGA IPS Copilot + PC Qualcomm Snapdragon X - (16 GB/512 GB SSD/...,"57,990"
267,HP Intel Core i5 13th Gen 1334U - (16 GB/1 TB SSD/Windows 11 Home) 15-fd0552TU Thin and Light Laptop,"57,990"
268,Lenovo 100e Chromebook Gen 4 MediaTek MediaTek Kompanio 528 - (4 GB/64 GB EMMC Storage/Chrome OS) 82W0...,"10,499"
269,ASUS Vivobook Go 15 OLED AMD Ryzen 5 Quad Core 7520U - (8 GB/512 GB SSD/Windows 11 Home) E1504FA-LK521...,"39,990"
270,Acer Aspire 3 Backlit AMD Ryzen 7 Octa Core 7730U - (16 GB/512 GB SSD/Windows 11 Home) Aspire AS15 - 4...,"37,990"
271,DELL 15 Intel Core i3 13th Gen 1305U - (16 GB/512 GB SSD/Windows 11 Home) OVN353025001RING1O Thin and ...,"36,990"
272,MOTOROLA Motobook 60 Full Metal OLED (i5 14th Gen) Intel Core 5 (Series 2) 210H - (16 GB/512 GB SSD/Wi...,"54,990"
273,Acer Aspire 7 Intel Core i5 13th Gen 13420H - (16 GB/512 GB SSD/Windows 11 Home/4 GB Graphics/NVIDIA G...,"54,990"
274,HP OMEN Intel Core i7 14th Gen 14650HX - (16 GB/1 TB SSD/Windows 11 Home/8 GB Graphics/NVIDIA GeForce ...,"1,19,990"
275,Acer Aspire 3 Backlit Intel Core i5 12th Gen 1235U - (16 GB/512 GB SSD/Windows 11 Home) A324-51 Thin a...,"34,990"
276,ASUS Vivobook 16X (2025) with Office 2024 + M365 Basic* Intel Core i5 13th Gen 13420H - (16 GB/512 GB ...,"64,990"
277,DELL 15 Intel Core i5 12th Gen 1235U - (16 GB/512 GB SSD/Windows 11 Home) 3520 Thin and Light Laptop,"45,990"
278,Acer Aspire Intel Core i5 12th Gen 12450H - (16 GB/512 GB SSD/Windows 11 Home) AL15-52H Thin and Light...,"42,990"
279,Lenovo IdeaPad Slim 3 Backlit Intel Core i5 12th Gen 12450H - (16 GB/512 GB SSD/Windows 11 Home) 15IAH...,"48,990"
280,"ASUS Vivobook 16 (2025), Copilot + PC with Office 2024 + M365 Basic*, AI PC Qualcomm Snapdragon X - (1...","57,299"
281,Acer Aspire 15 AMD Ryzen 5 Hexa Core 7430U - (16 GB/512 GB SSD/Windows 11 Home) Aspire AS15-42 Thin an...,"34,990"
282,Samsung Galaxy Book4 Metal Intel Core i5 13th Gen 1335U - (16 GB/512 GB SSD/Windows 11 Home) NP750XGJ-...,"50,990"
283,ASUS Vivobook 15 Intel Core i3 13th Gen 1315U - (16 GB/512 GB SSD/Windows 11 Home) X1504VA-NJ2325WS Th...,"35,990"
284,Lenovo IdeaPad Slim 5 13th Gen Intel Core i5-13420H WUXGA IPS Intel Core i5 13th Gen - (16 GB/512 GB S...,"56,990"
285,Acer Aspire 15 AMD Ryzen 5 Hexa Core 7430U - (8 GB/512 GB SSD/Windows 11 Home) A325-42 Thin and Light ...,"32,990"
286,HP Laptop Intel Core i3 13th Gen 1315U - (8 GB/512 GB SSD/Windows 11 Home) fd0129TU / fd0186TU Thin an...,"34,990"
287,ASUS Vivobook 15 Intel Core i5 12th Gen 1235U - (8 GB/512 GB SSD/Windows 11 Home) X1504ZA-NJ521WS|X150...,"40,990"
288,Acer Aspire 15 AMD Ryzen 5 Hexa Core 7430U - (16 GB/512 GB SSD/Windows 11 Home) Aspire AS15-42 Thin an...,"34,990"
289,Samsung Galaxy Book4 Metal Intel Core i3 13th Gen 1315U - (8 GB/512 GB SSD/Windows 11 Home) NP750XGJ-L...,"34,990"
290,Lenovo LOQ AMD Ryzen 5 Quad Core 7235HS - (12 GB/512 GB SSD/Windows 11 Home/6 GB Graphics/NVIDIA GeFor...,"59,990"
291,Lenovo LOQ AMD Ryzen 7 Octa Core 7435HS - (24 GB/512 GB SSD/Windows 11 Home/4 GB Graphics/NVIDIA GeFor...,"67,990"
292,Acer Aspire 3 Intel Celeron Dual Core - (8 GB/128 GB SSD/Windows 11 Home) A311-45 Thin and Light Lapto...,"14,870"
293,Lenovo IdeaPad Slim 3 Next Gen AI PC WUXGA IPS Copilot + PC Qualcomm Snapdragon X - (16 GB/512 GB SSD/...,"57,990"
294,HP Intel Core i5 13th Gen 1334U - (16 GB/1 TB SSD/Windows 11 Home) 15-fd0552TU Thin and Light Laptop,"57,990"
295,HP Omen AMD Ryzen 7 Octa Core 7840HS - (16 GB/1 TB SSD/Windows 11 Home/6 GB Graphics/NVIDIA GeForce RT...,"95,990"
296,HP 250R G9 Intel Core i3 13th Gen i3-1315U up to 4.5 GHz with Intel Turbo Boost - (16 GB/512 GB SSD/Wi...,"35,790"
297,Lenovo IdeaPad Slim 3 AMD Ryzen 5 Quad Core 7520U - (16 GB/512 GB SSD/Windows 11 Home) 15AMN8 Thin and...,"39,690"
298,HP Victus AI 31 TOPS AMD Ryzen 5 Hexa Core 8645HS - (16 GB/512 GB SSD/Windows 11 Home/4 GB Graphics/NV...,"58,990"
299,Acer Aspire Intel Core i5 12th Gen 12450H - (16 GB/512 GB SSD/Windows 11 Home) AL15-52H Thin and Light...,"42,990"
300,DELL 15 Intel Core i3 13th Gen 1305U - (16 GB/512 GB SSD/Windows 11 Home) OVN353025001RING1O Thin and ...,"36,990"
301,Acer Aspire Lite AMD Ryzen 5 Hexa Core 5625U - (8 GB/512 GB SSD/Windows 11 Home) AL15-41 Thin and Ligh...,"36,990"
302,ASUS Expertbook P3 Metal Intel Core i7 13th Gen 13620H - (32 GB/1 TB SSD/Windows 11 Home) P3405CVA-LY0...,"73,990"
303,Acer Aspire 3 Intel Celeron Dual Core - (8 GB/256 GB SSD/Windows 11 Home) A311-45 Thin and Light Lapto...,"15,990"
304,MOTOROLA Motobook 60 Full Metal OLED (i5 14th Gen) Intel Core 5 (Series 2) 210H - (16 GB/512 GB SSD/Wi...,"54,990"
305,DELL 15 Intel Core i5 12th Gen 1235U - (16 GB/512 GB SSD/Windows 11 Home) 3520 Thin and Light Laptop,"45,990"
306,DELL Latitude 3540 (2025) Intel Core i3 12th Gen 1215U - (16 GB/512 GB SSD/Windows 11 Home) Latitude 3...,"36,990"
307,ASUS Vivobook 15 (2025) with Office 2024 + M365 Basic* Intel Core i3 13th Gen 1315U - (16 GB/512 GB SS...,"35,990"
308,Acer Aspire Lite Intel Core i3 12th Gen 1215U - (16 GB/1 TB SSD/Windows 11 Home) AL15-52 Thin and Ligh...,"38,990"
309,"ASUS Vivobook S15, A-Part Metal Body, Intel Core i9 13th Gen 13900H - (16 GB/512 GB SSD/Windows 11 Hom...","75,990"
310,Samsung Galaxy Book4 Metal Intel Core i5 13th Gen 1335U - (16 GB/512 GB SSD/Windows 11 Home) NP750XGJ-...,"50,990"
311,ASUS Vivobook 15 Intel Core i3 13th Gen 1315U - (16 GB/512 GB SSD/Windows 11 Home) X1504VA-NJ2325WS Th...,"35,990"
312,Acer Aspire 3 Intel Celeron Dual Core N4500 - (8 GB/256 GB SSD/Windows 11 Home) A324-45 Thin and Light...,"20,490"
313,Acer Aspire Lite AMD Ryzen 5 Hexa Core 5625U - (16 GB/1 TB SSD/Windows 11 Home) AL15-41 Thin and Light...,"36,990"
314,Lenovo LOQ Intel Core i5 13th Gen 13450HX - (16 GB/512 GB SSD/Windows 11 Home/6 GB Graphics/NVIDIA GeF...,"94,990"
315,Acer Aspire 15 AMD Ryzen 5 Hexa Core 7430U - (16 GB/512 GB SSD/Windows 11 Home) Aspire AS15-42 Thin an...,"34,990"
316,Samsung Galaxy Book4 Metal Intel Core i3 13th Gen 1315U - (8 GB/512 GB SSD/Windows 11 Home) NP750XGJ-L...,"34,990"
317,Acer Aspire 3 Intel Core i3 13th Gen 1305U - (8 GB/512 GB SSD/Windows 11 Home) A324-53 Thin and Light ...,"27,990"
318,ASUS Vivobook 15 Intel Core i5 13th Gen 1335U - (16 GB/512 GB SSD/Windows 11 Home) X1504VA-NJ540WS Thi...,"47,990"
319,MSI Thin 15 Intel Core i5 12th Gen 12450H - (16 GB/512 GB SSD/Windows 11 Home/4 GB Graphics/NVIDIA GeF...,"55,990"
320,"ASUS Vivobook 15, with Backlit Keyboard, Intel Core i5 12th Gen 1235U - (16 GB/512 GB SSD/Windows 11 H...","44,990"
321,Lenovo IdeaPad Slim 3 Next Gen AI PC WUXGA IPS Copilot + PC Qualcomm Snapdragon X - (16 GB/512 GB SSD/...,"57,990"
322,HP Intel Core i5 13th Gen 1334U - (16 GB/1 TB SSD/Windows 11 Home) 15-fd0552TU Thin and Light Laptop,"57,990"
323,ASUS TUF Gaming A15 AMD Ryzen 5 Hexa Core 7535HS - (16 GB/512 GB SSD/Windows 11 Home/4 GB Graphics/NVI...,"59,990"
324,ASUS Vivobook 15 Intel Core i5 12th Gen 1235U - (8 GB/512 GB SSD/Windows 11 Home) X1504ZA-NJ527WS|X150...,"40,990"
325,HP MSO 2024 Intel Core i3 13th Gen 1315U - (16 GB/512 GB SSD/Windows 11 Home) 15-fd0668TU Thin and Lig...,"37,990"
326,Acer Aspire Intel Core i5 12th Gen 12450H - (16 GB/512 GB SSD/Windows 11 Home) AL15-52H Thin and Light...,"42,990"
327,DELL 15 Intel Core i3 13th Gen 1305U - (16 GB/512 GB SSD/Windows 11 Home) OVN353025001RING1O Thin and ...,"36,990"
328,ASUS Vivobook Go 15 (2025) with Office 2024 + M365 Basic* Intel Core i3 N305 - (8 GB/512 GB SSD/Window...,"30,990"
329,ASUS Vivobook 15 Intel Core i3 13th Gen 1315U - (8 GB/512 GB SSD/Windows 11 Home) X1504VA-NJ320WS Thin...,"33,990"
330,ASUS Vivobook 15 Intel Core i5 13th Gen 1334U - (8 GB/512 GB SSD/Windows 11 Home) X1504VA-NJ1765WS Thi...,"43,990"
331,"ASUS Vivobook 15, with Backlit Keyboard, Intel Core i5 12th Gen 1235U - (8 GB/512 GB SSD/Windows 11 Ho...","40,990"
332,Samsung Galaxy Book4 Metal Intel Core i5 13th Gen 1335U - (16 GB/512 GB SSD/Windows 11 Home) NP750XGJ-...,"50,990"
333,ASUS Vivobook 15 Intel Core i3 13th Gen 1315U - (16 GB/512 GB SSD/Windows 11 Home) X1504VA-NJ2325WS Th...,"35,990"
334,Acer Aspire 3 Intel Core i3 12th Gen 1215U - (8 GB/256 GB SSD/Windows 11 Home) A324-51 Thin and Light ...,"28,990"
335,Acer One Intel Core i3 11th Gen 1115G4 - (8 GB/512 GB SSD/Windows 11 Home) AO 14 Z 8-415 Thin and Ligh...,"22,990"
